"SamAccountName","Name","GivenName","Surname","Department","Title","Office","Company","UserPrincipalName","Created"
"fina0001","Morgan Martinez","Morgan","Martinez","Finance","Specialist","Chicago","DemoCorp","fina0001@plab.local","9/14/2025 2:26:44 PM"
"fina0002","Alex Miller","Alex","Miller","Finance","Assistant","Austin","DemoCorp","fina0002@plab.local","9/14/2025 2:26:44 PM"
"fina0003","Avery Garcia","Avery","Garcia","Finance","Analyst","Los Angeles","DemoCorp","fina0003@plab.local","9/14/2025 2:26:44 PM"
"fina0004","Jamie Brown","Jamie","Brown","Finance","Assistant","Remote","DemoCorp","fina0004@plab.local","9/14/2025 2:26:44 PM"
"fina0005","Morgan Williams","Morgan","Williams","Finance","Senior Developer","Remote","DemoCorp","fina0005@plab.local","9/14/2025 2:26:44 PM"
"fina0006","Rowan Lopez","Rowan","Lopez","Finance","Principal","Chicago","DemoCorp","fina0006@plab.local","9/14/2025 2:26:44 PM"
"fina0007","Casey Gonzalez","Casey","Gonzalez","Finance","Assistant","Field","DemoCorp","fina0007@plab.local","9/14/2025 2:26:44 PM"
"fina0008","Devin Martinez","Devin","Martinez","Finance","Junior Analyst","New York","DemoCorp","fina0008@plab.local","9/14/2025 2:26:44 PM"
"fina0009","Alex Brown","Alex","Brown","Finance","Assistant","Boston","DemoCorp","fina0009@plab.local","9/14/2025 2:26:44 PM"
"fina0010","Jordan Garcia","Jordan","Garcia","Finance","Junior Analyst","Austin","DemoCorp","fina0010@plab.local","9/14/2025 2:26:44 PM"
"fina0011","Quinn Miller","Quinn","Miller","Finance","Assistant","Seattle","DemoCorp","fina0011@plab.local","9/14/2025 2:26:44 PM"
"fina0012","Devin Lopez","Devin","Lopez","Finance","Associate","New York","DemoCorp","fina0012@plab.local","9/14/2025 2:26:45 PM"
"fina0013","Elliot Wilson","Elliot","Wilson","Finance","Junior Analyst","Austin","DemoCorp","fina0013@plab.local","9/14/2025 2:26:45 PM"
"fina0014","Alex Williams","Alex","Williams","Finance","Manager","Remote","DemoCorp","fina0014@plab.local","9/14/2025 2:26:45 PM"
"fina0015","Jamie Davis","Jamie","Davis","Finance","Assistant","Seattle","DemoCorp","fina0015@plab.local","9/14/2025 2:26:45 PM"
"hr0001","Hayden Rodriguez","Hayden","Rodriguez","HR","Architect","Remote","DemoCorp","hr0001@plab.local","9/14/2025 2:26:45 PM"
"hr0002","Jordan Miller","Jordan","Miller","HR","Consultant","Austin","DemoCorp","hr0002@plab.local","9/14/2025 2:26:45 PM"
"hr0003","Sam Garcia","Sam","Garcia","HR","Coordinator","Seattle","DemoCorp","hr0003@plab.local","9/14/2025 2:26:45 PM"
"hr0004","Casey Martinez","Casey","Martinez","HR","Principal","Field","DemoCorp","hr0004@plab.local","9/14/2025 2:26:45 PM"
"hr0005","Riley Smith","Riley","Smith","HR","CFO","Seattle","DemoCorp","hr0005@plab.local","9/14/2025 2:26:45 PM"
"hr0006","Taylor Hernandez","Taylor","Hernandez","HR","Consultant","Austin","DemoCorp","hr0006@plab.local","9/14/2025 2:26:45 PM"
"hr0007","Alex Martinez","Alex","Martinez","HR","CIO","Austin","DemoCorp","hr0007@plab.local","9/14/2025 2:26:45 PM"
"hr0008","Riley Anderson","Riley","Anderson","HR","Associate","Austin","DemoCorp","hr0008@plab.local","9/14/2025 2:26:46 PM"
"hr0009","Hayden Hernandez","Hayden","Hernandez","HR","Principal","Remote","DemoCorp","hr0009@plab.local","9/14/2025 2:26:46 PM"
"hr0010","Devin Smith","Devin","Smith","HR","Specialist I","Field","DemoCorp","hr0010@plab.local","9/14/2025 2:26:46 PM"
"hr0011","Quinn Garcia","Quinn","Garcia","HR","Junior Developer","Boston","DemoCorp","hr0011@plab.local","9/14/2025 2:26:46 PM"
"hr0012","Reese Davis","Reese","Davis","HR","Specialist","Seattle","DemoCorp","hr0012@plab.local","9/14/2025 2:26:46 PM"
"hr0013","Taylor Davis","Taylor","Davis","HR","CHRO","Austin","DemoCorp","hr0013@plab.local","9/14/2025 2:26:46 PM"
"hr0014","Avery Wilson","Avery","Wilson","HR","Specialist","Boston","DemoCorp","hr0014@plab.local","9/14/2025 2:26:46 PM"
"hr0015","Taylor Miller","Taylor","Miller","HR","Senior Manager","Remote","DemoCorp","hr0015@plab.local","9/14/2025 2:26:46 PM"
"hr0016","Elliot Lopez","Elliot","Lopez","HR","SVP","Seattle","DemoCorp","hr0016@plab.local","9/14/2025 2:26:46 PM"
"hr0017","Morgan Anderson","Morgan","Anderson","HR","Manager","Chicago","DemoCorp","hr0017@plab.local","9/14/2025 2:26:47 PM"
"hr0018","Jordan Hernandez","Jordan","Hernandez","HR","Manager","Seattle","DemoCorp","hr0018@plab.local","9/14/2025 2:26:47 PM"
"hr0019","Taylor Smith","Taylor","Smith","HR","CIO","Austin","DemoCorp","hr0019@plab.local","9/14/2025 2:26:47 PM"
"hr0020","Riley Hernandez","Riley","Hernandez","HR","Specialist I","Austin","DemoCorp","hr0020@plab.local","9/14/2025 2:26:47 PM"
"hr0021","Riley Williams","Riley","Williams","HR","CMO","Remote","DemoCorp","hr0021@plab.local","9/14/2025 2:26:47 PM"
"hr0022","Avery Smith","Avery","Smith","HR","Principal","Remote","DemoCorp","hr0022@plab.local","9/14/2025 2:26:47 PM"
"hr0023","Sam Rodriguez","Sam","Rodriguez","HR","Analyst","Seattle","DemoCorp","hr0023@plab.local","9/14/2025 2:26:47 PM"
"hr0024","Devin Johnson","Devin","Johnson","HR","Coordinator","Remote","DemoCorp","hr0024@plab.local","9/14/2025 2:26:47 PM"
"hr0025","Casey Williams","Casey","Williams","HR","Principal","Field","DemoCorp","hr0025@plab.local","9/14/2025 2:26:47 PM"
"hr0026","Rowan Lopez","Rowan","Lopez","HR","Junior Developer","Boston","DemoCorp","hr0026@plab.local","9/14/2025 2:26:48 PM"
"hr0027","Casey Anderson","Casey","Anderson","HR","VP","Boston","DemoCorp","hr0027@plab.local","9/14/2025 2:26:48 PM"
"hr0028","Avery Lopez","Avery","Lopez","HR","Architect","New York","DemoCorp","hr0028@plab.local","9/14/2025 2:26:48 PM"
"hr0029","Quinn Williams","Quinn","Williams","HR","Junior Developer","New York","DemoCorp","hr0029@plab.local","9/14/2025 2:26:48 PM"
"hr0030","Rowan Johnson","Rowan","Johnson","HR","Assistant","Seattle","DemoCorp","hr0030@plab.local","9/14/2025 2:26:48 PM"
"eng0001","Rowan Hernandez","Rowan","Hernandez","Engineering","Developer","Chicago","DemoCorp","eng0001@plab.local","9/14/2025 2:26:48 PM"
"eng0002","Jamie Johnson","Jamie","Johnson","Engineering","Junior Analyst","Boston","DemoCorp","eng0002@plab.local","9/14/2025 2:26:48 PM"
"eng0003","Morgan Garcia","Morgan","Garcia","Engineering","Assistant","Remote","DemoCorp","eng0003@plab.local","9/14/2025 2:26:48 PM"
"eng0004","Alex Brown","Alex","Brown","Engineering","Associate","Seattle","DemoCorp","eng0004@plab.local","9/14/2025 2:26:48 PM"
"eng0005","Avery Rodriguez","Avery","Rodriguez","Engineering","Developer","New York","DemoCorp","eng0005@plab.local","9/14/2025 2:26:48 PM"
"eng0006","Avery Brown","Avery","Brown","Engineering","Coordinator","Los Angeles","DemoCorp","eng0006@plab.local","9/14/2025 2:26:49 PM"
"eng0007","Jamie Williams","Jamie","Williams","Engineering","Coordinator","Los Angeles","DemoCorp","eng0007@plab.local","9/14/2025 2:26:49 PM"
"eng0008","Riley Gonzalez","Riley","Gonzalez","Engineering","Coordinator","Seattle","DemoCorp","eng0008@plab.local","9/14/2025 2:26:49 PM"
"eng0009","Riley Miller","Riley","Miller","Engineering","Developer","Seattle","DemoCorp","eng0009@plab.local","9/14/2025 2:26:49 PM"
"eng0010","Taylor Wilson","Taylor","Wilson","Engineering","Manager","Boston","DemoCorp","eng0010@plab.local","9/14/2025 2:26:49 PM"
"eng0011","Rowan Davis","Rowan","Davis","Engineering","Assistant","Austin","DemoCorp","eng0011@plab.local","9/14/2025 2:26:49 PM"
"eng0012","Quinn Garcia","Quinn","Garcia","Engineering","Junior Analyst","Austin","DemoCorp","eng0012@plab.local","9/14/2025 2:26:49 PM"
"eng0013","Avery Johnson","Avery","Johnson","Engineering","Analyst","Remote","DemoCorp","eng0013@plab.local","9/14/2025 2:26:49 PM"
"eng0014","Jordan Smith","Jordan","Smith","Engineering","Junior Analyst","Seattle","DemoCorp","eng0014@plab.local","9/14/2025 2:26:49 PM"
"eng0015","Taylor Lopez","Taylor","Lopez","Engineering","Analyst","Remote","DemoCorp","eng0015@plab.local","9/14/2025 2:26:49 PM"
"eng0016","Sam Hernandez","Sam","Hernandez","Engineering","General Manager","Remote","DemoCorp","eng0016@plab.local","9/14/2025 2:26:50 PM"
"eng0017","Morgan Jones","Morgan","Jones","Engineering","Senior Analyst","Field","DemoCorp","eng0017@plab.local","9/14/2025 2:26:50 PM"
"eng0018","Rowan Lopez","Rowan","Lopez","Engineering","Principal","Boston","DemoCorp","eng0018@plab.local","9/14/2025 2:26:50 PM"
"eng0019","Jamie Anderson","Jamie","Anderson","Engineering","Assistant","New York","DemoCorp","eng0019@plab.local","9/14/2025 2:26:50 PM"
"eng0020","Riley Lopez","Riley","Lopez","Engineering","Developer","New York","DemoCorp","eng0020@plab.local","9/14/2025 2:26:50 PM"
"eng0021","Taylor Jones","Taylor","Jones","Engineering","Manager","Seattle","DemoCorp","eng0021@plab.local","9/14/2025 2:26:50 PM"
"eng0022","Morgan Hernandez","Morgan","Hernandez","Engineering","Assistant","Field","DemoCorp","eng0022@plab.local","9/14/2025 2:26:50 PM"
"eng0023","Taylor Davis","Taylor","Davis","Engineering","Principal","New York","DemoCorp","eng0023@plab.local","9/14/2025 2:26:50 PM"
"eng0024","Jamie Smith","Jamie","Smith","Engineering","Specialist I","Field","DemoCorp","eng0024@plab.local","9/14/2025 2:26:51 PM"
"eng0025","Avery Lopez","Avery","Lopez","Engineering","Specialist I","Austin","DemoCorp","eng0025@plab.local","9/14/2025 2:26:51 PM"
"eng0026","Sam Rodriguez","Sam","Rodriguez","Engineering","Coordinator","Chicago","DemoCorp","eng0026@plab.local","9/14/2025 2:26:51 PM"
"eng0027","Avery Miller","Avery","Miller","Engineering","Developer","Austin","DemoCorp","eng0027@plab.local","9/14/2025 2:26:51 PM"
"eng0028","Casey Martinez","Casey","Martinez","Engineering","Consultant","Boston","DemoCorp","eng0028@plab.local","9/14/2025 2:26:51 PM"
"eng0029","Jamie Smith","Jamie","Smith","Engineering","Junior Developer","Los Angeles","DemoCorp","eng0029@plab.local","9/14/2025 2:26:51 PM"
"eng0030","Jordan Anderson","Jordan","Anderson","Engineering","Manager","Chicago","DemoCorp","eng0030@plab.local","9/14/2025 2:26:51 PM"
"eng0031","Riley Miller","Riley","Miller","Engineering","Developer","New York","DemoCorp","eng0031@plab.local","9/14/2025 2:26:51 PM"
"sale0001","Casey Miller","Casey","Miller","Sales","Specialist I","Boston","DemoCorp","sale0001@plab.local","9/14/2025 2:26:52 PM"
"sale0002","Alex Anderson","Alex","Anderson","Sales","Consultant","Boston","DemoCorp","sale0002@plab.local","9/14/2025 2:26:52 PM"
"sale0003","Rowan Rodriguez","Rowan","Rodriguez","Sales","CHRO","Remote","DemoCorp","sale0003@plab.local","9/14/2025 2:26:52 PM"
"sale0004","Rowan Brown","Rowan","Brown","Sales","Manager","Remote","DemoCorp","sale0004@plab.local","9/14/2025 2:26:52 PM"
"sale0005","Elliot Brown","Elliot","Brown","Sales","Associate","Field","DemoCorp","sale0005@plab.local","9/14/2025 2:26:52 PM"
"sale0006","Avery Smith","Avery","Smith","Sales","Specialist I","Boston","DemoCorp","sale0006@plab.local","9/14/2025 2:26:52 PM"
"sale0007","Jordan Davis","Jordan","Davis","Sales","Coordinator","Austin","DemoCorp","sale0007@plab.local","9/14/2025 2:26:52 PM"
"sale0008","Quinn Rodriguez","Quinn","Rodriguez","Sales","Junior Developer","Seattle","DemoCorp","sale0008@plab.local","9/14/2025 2:26:52 PM"
"sale0009","Reese Rodriguez","Reese","Rodriguez","Sales","Junior Developer","Field","DemoCorp","sale0009@plab.local","9/14/2025 2:26:53 PM"
"sale0010","Quinn Williams","Quinn","Williams","Sales","Director","Field","DemoCorp","sale0010@plab.local","9/14/2025 2:26:53 PM"
"sale0011","Morgan Davis","Morgan","Davis","Sales","Senior Analyst","Field","DemoCorp","sale0011@plab.local","9/14/2025 2:26:53 PM"
"sale0012","Quinn Johnson","Quinn","Johnson","Sales","Junior Analyst","Remote","DemoCorp","sale0012@plab.local","9/14/2025 2:26:53 PM"
"sale0013","Rowan Martinez","Rowan","Martinez","Sales","Principal","Field","DemoCorp","sale0013@plab.local","9/14/2025 2:26:53 PM"
"lega0001","Morgan Gonzalez","Morgan","Gonzalez","Legal","Developer","Chicago","DemoCorp","lega0001@plab.local","9/14/2025 2:26:53 PM"
"lega0002","Elliot Miller","Elliot","Miller","Legal","Junior Analyst","New York","DemoCorp","lega0002@plab.local","9/14/2025 2:26:53 PM"
"lega0003","Riley Martinez","Riley","Martinez","Legal","Principal","Austin","DemoCorp","lega0003@plab.local","9/14/2025 2:26:53 PM"
"lega0004","Reese Miller","Reese","Miller","Legal","Developer","Boston","DemoCorp","lega0004@plab.local","9/14/2025 2:26:53 PM"
"lega0005","Avery Hernandez","Avery","Hernandez","Legal","VP","Austin","DemoCorp","lega0005@plab.local","9/14/2025 2:26:54 PM"
"lega0006","Hayden Jones","Hayden","Jones","Legal","Junior Developer","Field","DemoCorp","lega0006@plab.local","9/14/2025 2:26:54 PM"
"lega0007","Jamie Rodriguez","Jamie","Rodriguez","Legal","Coordinator","Field","DemoCorp","lega0007@plab.local","9/14/2025 2:26:54 PM"
"lega0008","Morgan Brown","Morgan","Brown","Legal","Associate","Remote","DemoCorp","lega0008@plab.local","9/14/2025 2:26:54 PM"
"lega0009","Elliot Hernandez","Elliot","Hernandez","Legal","Assistant","Field","DemoCorp","lega0009@plab.local","9/14/2025 2:26:54 PM"
"lega0010","Rowan Miller","Rowan","Miller","Legal","Principal","Boston","DemoCorp","lega0010@plab.local","9/14/2025 2:26:54 PM"
"lega0011","Taylor Smith","Taylor","Smith","Legal","Junior Developer","Seattle","DemoCorp","lega0011@plab.local","9/14/2025 2:26:54 PM"
"lega0012","Avery Miller","Avery","Miller","Legal","Junior Analyst","Remote","DemoCorp","lega0012@plab.local","9/14/2025 2:26:54 PM"
"lega0013","Casey Davis","Casey","Davis","Legal","Senior Developer","Austin","DemoCorp","lega0013@plab.local","9/14/2025 2:26:55 PM"
"lega0014","Casey Lopez","Casey","Lopez","Legal","Specialist I","Los Angeles","DemoCorp","lega0014@plab.local","9/14/2025 2:26:55 PM"
"lega0015","Elliot Rodriguez","Elliot","Rodriguez","Legal","Consultant","Seattle","DemoCorp","lega0015@plab.local","9/14/2025 2:26:55 PM"
"lega0016","Morgan Smith","Morgan","Smith","Legal","Coordinator","Chicago","DemoCorp","lega0016@plab.local","9/14/2025 2:26:55 PM"
"lega0017","Casey Jones","Casey","Jones","Legal","Specialist I","Austin","DemoCorp","lega0017@plab.local","9/14/2025 2:26:55 PM"
"lega0018","Elliot Gonzalez","Elliot","Gonzalez","Legal","CMO","Austin","DemoCorp","lega0018@plab.local","9/14/2025 2:26:55 PM"
"lega0019","Taylor Rodriguez","Taylor","Rodriguez","Legal","General Manager","Remote","DemoCorp","lega0019@plab.local","9/14/2025 2:26:56 PM"
"lega0020","Morgan Anderson","Morgan","Anderson","Legal","Associate","Remote","DemoCorp","lega0020@plab.local","9/14/2025 2:26:56 PM"
"it0001","Taylor Wilson","Taylor","Wilson","IT","Coordinator","Austin","DemoCorp","it0001@plab.local","9/14/2025 2:26:56 PM"
"it0002","Alex Wilson","Alex","Wilson","IT","Specialist","Austin","DemoCorp","it0002@plab.local","9/14/2025 2:26:56 PM"
"it0003","Reese Jones","Reese","Jones","IT","Architect","Remote","DemoCorp","it0003@plab.local","9/14/2025 2:26:56 PM"
"it0004","Reese Martinez","Reese","Martinez","IT","CTO","Seattle","DemoCorp","it0004@plab.local","9/14/2025 2:26:56 PM"
"it0005","Quinn Anderson","Quinn","Anderson","IT","Lead","Seattle","DemoCorp","it0005@plab.local","9/14/2025 2:26:57 PM"
"it0006","Sam Martinez","Sam","Martinez","IT","Lead","Remote","DemoCorp","it0006@plab.local","9/14/2025 2:26:57 PM"
"it0007","Hayden Smith","Hayden","Smith","IT","Lead","Los Angeles","DemoCorp","it0007@plab.local","9/14/2025 2:26:57 PM"
"it0008","Alex Lopez","Alex","Lopez","IT","CMO","Remote","DemoCorp","it0008@plab.local","9/14/2025 2:26:57 PM"
"it0009","Alex Williams","Alex","Williams","IT","Senior Analyst","Austin","DemoCorp","it0009@plab.local","9/14/2025 2:26:57 PM"
"it0010","Devin Brown","Devin","Brown","IT","Lead","Chicago","DemoCorp","it0010@plab.local","9/14/2025 2:26:57 PM"
"it0011","Hayden Davis","Hayden","Davis","IT","Consultant","Chicago","DemoCorp","it0011@plab.local","9/14/2025 2:26:58 PM"
"it0012","Elliot Hernandez","Elliot","Hernandez","IT","Specialist I","Boston","DemoCorp","it0012@plab.local","9/14/2025 2:26:58 PM"
"it0013","Jordan Gonzalez","Jordan","Gonzalez","IT","Consultant","Austin","DemoCorp","it0013@plab.local","9/14/2025 2:26:58 PM"
"it0014","Quinn Wilson","Quinn","Wilson","IT","Senior Analyst","Chicago","DemoCorp","it0014@plab.local","9/14/2025 2:26:58 PM"
"it0015","Rowan Martinez","Rowan","Martinez","IT","Senior Manager","Boston","DemoCorp","it0015@plab.local","9/14/2025 2:26:58 PM"
"it0016","Elliot Gonzalez","Elliot","Gonzalez","IT","Assistant","Chicago","DemoCorp","it0016@plab.local","9/14/2025 2:26:58 PM"
"it0017","Jamie Miller","Jamie","Miller","IT","Director","Austin","DemoCorp","it0017@plab.local","9/14/2025 2:26:58 PM"
"it0018","Casey Martinez","Casey","Martinez","IT","Principal Consultant","Remote","DemoCorp","it0018@plab.local","9/14/2025 2:26:59 PM"
"it0019","Hayden Lopez","Hayden","Lopez","IT","Coordinator","Field","DemoCorp","it0019@plab.local","9/14/2025 2:26:59 PM"
"it0020","Jordan Martinez","Jordan","Martinez","IT","Consultant","Seattle","DemoCorp","it0020@plab.local","9/14/2025 2:26:59 PM"
"it0021","Sam Johnson","Sam","Johnson","IT","Junior Analyst","Chicago","DemoCorp","it0021@plab.local","9/14/2025 2:26:59 PM"
"it0022","Jordan Anderson","Jordan","Anderson","IT","Architect","Remote","DemoCorp","it0022@plab.local","9/14/2025 2:26:59 PM"
"it0023","Rowan Johnson","Rowan","Johnson","IT","Lead","Chicago","DemoCorp","it0023@plab.local","9/14/2025 2:26:59 PM"
"it0024","Avery Williams","Avery","Williams","IT","Principal","Field","DemoCorp","it0024@plab.local","9/14/2025 2:27:00 PM"
"it0025","Hayden Anderson","Hayden","Anderson","IT","Manager","Remote","DemoCorp","it0025@plab.local","9/14/2025 2:27:00 PM"
"ops0001","Rowan Brown","Rowan","Brown","Ops","Consultant","Chicago","DemoCorp","ops0001@plab.local","9/14/2025 2:27:00 PM"
"ops0002","Devin Davis","Devin","Davis","Ops","Lead","Boston","DemoCorp","ops0002@plab.local","9/14/2025 2:27:00 PM"
"ops0003","Devin Johnson","Devin","Johnson","Ops","Manager","Chicago","DemoCorp","ops0003@plab.local","9/14/2025 2:27:00 PM"
"ops0004","Morgan Martinez","Morgan","Martinez","Ops","Principal","Field","DemoCorp","ops0004@plab.local","9/14/2025 2:27:00 PM"
"ops0005","Rowan Martinez","Rowan","Martinez","Ops","Manager","Seattle","DemoCorp","ops0005@plab.local","9/14/2025 2:27:00 PM"
"ops0006","Rowan Hernandez","Rowan","Hernandez","Ops","CTO","Boston","DemoCorp","ops0006@plab.local","9/14/2025 2:27:01 PM"
"ops0007","Alex Smith","Alex","Smith","Ops","Specialist","Remote","DemoCorp","ops0007@plab.local","9/14/2025 2:27:01 PM"
"ops0008","Jordan Davis","Jordan","Davis","Ops","Assistant","Chicago","DemoCorp","ops0008@plab.local","9/14/2025 2:27:01 PM"
"ops0009","Quinn Smith","Quinn","Smith","Ops","Senior Analyst","Seattle","DemoCorp","ops0009@plab.local","9/14/2025 2:27:01 PM"
"ops0010","Devin Garcia","Devin","Garcia","Ops","Developer","Los Angeles","DemoCorp","ops0010@plab.local","9/14/2025 2:27:01 PM"
"ops0011","Morgan Davis","Morgan","Davis","Ops","CHRO","Los Angeles","DemoCorp","ops0011@plab.local","9/14/2025 2:27:01 PM"
"ops0012","Riley Lopez","Riley","Lopez","Ops","Analyst","Los Angeles","DemoCorp","ops0012@plab.local","9/14/2025 2:27:02 PM"
"ops0013","Casey Davis","Casey","Davis","Ops","Lead","New York","DemoCorp","ops0013@plab.local","9/14/2025 2:27:02 PM"
"ops0014","Casey Brown","Casey","Brown","Ops","Manager","Remote","DemoCorp","ops0014@plab.local","9/14/2025 2:27:02 PM"
"ops0015","Avery Garcia","Avery","Garcia","Ops","Consultant","Los Angeles","DemoCorp","ops0015@plab.local","9/14/2025 2:27:02 PM"
"ops0016","Devin Gonzalez","Devin","Gonzalez","Ops","Junior Analyst","Remote","DemoCorp","ops0016@plab.local","9/14/2025 2:27:02 PM"
"ops0017","Reese Williams","Reese","Williams","Ops","Coordinator","Remote","DemoCorp","ops0017@plab.local","9/14/2025 2:27:02 PM"
"ops0018","Casey Johnson","Casey","Johnson","Ops","Assistant","Seattle","DemoCorp","ops0018@plab.local","9/14/2025 2:27:03 PM"
"ops0019","Jamie Rodriguez","Jamie","Rodriguez","Ops","CHRO","Austin","DemoCorp","ops0019@plab.local","9/14/2025 2:27:03 PM"
"ops0020","Hayden Wilson","Hayden","Wilson","Ops","Senior Analyst","Austin","DemoCorp","ops0020@plab.local","9/14/2025 2:27:03 PM"
"ops0021","Devin Johnson","Devin","Johnson","Ops","Assistant","Remote","DemoCorp","ops0021@plab.local","9/14/2025 2:27:03 PM"
"mark0001","Taylor Wilson","Taylor","Wilson","Marketing","Assistant","Seattle","DemoCorp","mark0001@plab.local","9/14/2025 2:27:03 PM"
"mark0002","Jamie Wilson","Jamie","Wilson","Marketing","Junior Analyst","Los Angeles","DemoCorp","mark0002@plab.local","9/14/2025 2:27:03 PM"
"mark0003","Quinn Garcia","Quinn","Garcia","Marketing","Junior Developer","Austin","DemoCorp","mark0003@plab.local","9/14/2025 2:27:04 PM"
"mark0004","Avery Williams","Avery","Williams","Marketing","Analyst","Remote","DemoCorp","mark0004@plab.local","9/14/2025 2:27:04 PM"
"mark0005","Reese Johnson","Reese","Johnson","Marketing","Assistant","Chicago","DemoCorp","mark0005@plab.local","9/14/2025 2:27:04 PM"
"mark0006","Hayden Rodriguez","Hayden","Rodriguez","Marketing","Principal","Austin","DemoCorp","mark0006@plab.local","9/14/2025 2:27:04 PM"
"mark0007","Taylor Jones","Taylor","Jones","Marketing","Associate","Austin","DemoCorp","mark0007@plab.local","9/14/2025 2:27:04 PM"
"mark0008","Riley Miller","Riley","Miller","Marketing","Developer","Seattle","DemoCorp","mark0008@plab.local","9/14/2025 2:27:04 PM"
"mark0009","Avery Wilson","Avery","Wilson","Marketing","Principal","Boston","DemoCorp","mark0009@plab.local","9/14/2025 2:27:05 PM"
"mark0010","Taylor Anderson","Taylor","Anderson","Marketing","Manager","Los Angeles","DemoCorp","mark0010@plab.local","9/14/2025 2:27:05 PM"
"mark0011","Morgan Gonzalez","Morgan","Gonzalez","Marketing","Lead","Austin","DemoCorp","mark0011@plab.local","9/14/2025 2:27:05 PM"
"mark0012","Taylor Jones","Taylor","Jones","Marketing","Principal","Field","DemoCorp","mark0012@plab.local","9/14/2025 2:27:05 PM"
"mark0013","Devin Davis","Devin","Davis","Marketing","Assistant","Austin","DemoCorp","mark0013@plab.local","9/14/2025 2:27:05 PM"
"mark0014","Reese Brown","Reese","Brown","Marketing","Developer","Boston","DemoCorp","mark0014@plab.local","9/14/2025 2:27:06 PM"
"mark0015","Jordan Martinez","Jordan","Martinez","Marketing","Specialist I","Seattle","DemoCorp","mark0015@plab.local","9/14/2025 2:27:06 PM"
"mark0016","Devin Martinez","Devin","Martinez","Marketing","Developer","Field","DemoCorp","mark0016@plab.local","9/14/2025 2:27:06 PM"
"mark0017","Elliot Wilson","Elliot","Wilson","Marketing","Principal Consultant","New York","DemoCorp","mark0017@plab.local","9/14/2025 2:27:06 PM"
"mark0018","Alex Miller","Alex","Miller","Marketing","Manager","Austin","DemoCorp","mark0018@plab.local","9/14/2025 2:27:06 PM"
"mark0019","Casey Brown","Casey","Brown","Marketing","Principal","Austin","DemoCorp","mark0019@plab.local","9/14/2025 2:27:06 PM"
"mark0020","Morgan Rodriguez","Morgan","Rodriguez","Marketing","Junior Developer","Los Angeles","DemoCorp","mark0020@plab.local","9/14/2025 2:27:06 PM"
"mark0021","Quinn Rodriguez","Quinn","Rodriguez","Marketing","Analyst","New York","DemoCorp","mark0021@plab.local","9/14/2025 2:27:07 PM"
"mark0022","Riley Williams","Riley","Williams","Marketing","Associate","Boston","DemoCorp","mark0022@plab.local","9/14/2025 2:27:07 PM"
"mark0023","Rowan Hernandez","Rowan","Hernandez","Marketing","Junior Analyst","Austin","DemoCorp","mark0023@plab.local","9/14/2025 2:27:07 PM"
"mark0024","Hayden Johnson","Hayden","Johnson","Marketing","Coordinator","New York","DemoCorp","mark0024@plab.local","9/14/2025 2:27:07 PM"
"mark0025","Hayden Rodriguez","Hayden","Rodriguez","Marketing","Senior Manager","Boston","DemoCorp","mark0025@plab.local","9/14/2025 2:27:07 PM"
"mark0026","Devin Williams","Devin","Williams","Marketing","Consultant","Seattle","DemoCorp","mark0026@plab.local","9/14/2025 2:27:07 PM"
"mark0027","Devin Gonzalez","Devin","Gonzalez","Marketing","Junior Analyst","Boston","DemoCorp","mark0027@plab.local","9/14/2025 2:27:08 PM"
"mark0028","Reese Brown","Reese","Brown","Marketing","Manager","Boston","DemoCorp","mark0028@plab.local","9/14/2025 2:27:08 PM"
"mark0029","Hayden Smith","Hayden","Smith","Marketing","Associate","Austin","DemoCorp","mark0029@plab.local","9/14/2025 2:27:08 PM"
"mark0030","Jordan Wilson","Jordan","Wilson","Marketing","Junior Analyst","New York","DemoCorp","mark0030@plab.local","9/14/2025 2:27:08 PM"
"mark0031","Taylor Johnson","Taylor","Johnson","Marketing","Associate","Seattle","DemoCorp","mark0031@plab.local","9/14/2025 2:27:08 PM"
"mark0032","Riley Smith","Riley","Smith","Marketing","Developer","Field","DemoCorp","mark0032@plab.local","9/14/2025 2:27:08 PM"
"mark0033","Taylor Davis","Taylor","Davis","Marketing","Analyst","Chicago","DemoCorp","mark0033@plab.local","9/14/2025 2:27:09 PM"
"mark0034","Taylor Gonzalez","Taylor","Gonzalez","Marketing","Consultant","Seattle","DemoCorp","mark0034@plab.local","9/14/2025 2:27:09 PM"
"mark0035","Devin Garcia","Devin","Garcia","Marketing","Developer","Seattle","DemoCorp","mark0035@plab.local","9/14/2025 2:27:09 PM"
"mark0036","Sam Lopez","Sam","Lopez","Marketing","Specialist I","Remote","DemoCorp","mark0036@plab.local","9/14/2025 2:27:09 PM"
"mark0037","Quinn Martinez","Quinn","Martinez","Marketing","Developer","New York","DemoCorp","mark0037@plab.local","9/14/2025 2:27:09 PM"
"rnd0001","Casey Martinez","Casey","Martinez","R&D","Junior Developer","Seattle","DemoCorp","rnd0001@plab.local","9/14/2025 2:27:09 PM"
"rnd0002","Morgan Gonzalez","Morgan","Gonzalez","R&D","Coordinator","Austin","DemoCorp","rnd0002@plab.local","9/14/2025 2:27:10 PM"
"rnd0003","Elliot Wilson","Elliot","Wilson","R&D","Senior Analyst","Los Angeles","DemoCorp","rnd0003@plab.local","9/14/2025 2:27:10 PM"
"rnd0004","Riley Garcia","Riley","Garcia","R&D","Junior Developer","Los Angeles","DemoCorp","rnd0004@plab.local","9/14/2025 2:27:10 PM"
"rnd0005","Taylor Gonzalez","Taylor","Gonzalez","R&D","Assistant","Remote","DemoCorp","rnd0005@plab.local","9/14/2025 2:27:10 PM"
"rnd0006","Reese Jones","Reese","Jones","R&D","Coordinator","Field","DemoCorp","rnd0006@plab.local","9/14/2025 2:27:10 PM"
"rnd0007","Casey Anderson","Casey","Anderson","R&D","Junior Developer","Boston","DemoCorp","rnd0007@plab.local","9/14/2025 2:27:10 PM"
"rnd0008","Elliot Gonzalez","Elliot","Gonzalez","R&D","Manager","Seattle","DemoCorp","rnd0008@plab.local","9/14/2025 2:27:11 PM"
"rnd0009","Avery Miller","Avery","Miller","R&D","Developer","Remote","DemoCorp","rnd0009@plab.local","9/14/2025 2:27:11 PM"
"rnd0010","Quinn Rodriguez","Quinn","Rodriguez","R&D","Manager","New York","DemoCorp","rnd0010@plab.local","9/14/2025 2:27:11 PM"
"rnd0011","Casey Gonzalez","Casey","Gonzalez","R&D","Manager","Austin","DemoCorp","rnd0011@plab.local","9/14/2025 2:27:11 PM"
"rnd0012","Casey Brown","Casey","Brown","R&D","Specialist","Seattle","DemoCorp","rnd0012@plab.local","9/14/2025 2:27:11 PM"
"rnd0013","Casey Johnson","Casey","Johnson","R&D","Analyst","Field","DemoCorp","rnd0013@plab.local","9/14/2025 2:27:12 PM"
"rnd0014","Sam Miller","Sam","Miller","R&D","Coordinator","Boston","DemoCorp","rnd0014@plab.local","9/14/2025 2:27:12 PM"
"qa0001","Avery Rodriguez","Avery","Rodriguez","QA","Assistant","Boston","DemoCorp","qa0001@plab.local","9/14/2025 2:27:12 PM"
"qa0002","Quinn Davis","Quinn","Davis","QA","Lead","Los Angeles","DemoCorp","qa0002@plab.local","9/14/2025 2:27:12 PM"
"qa0003","Casey Anderson","Casey","Anderson","QA","Consultant","Los Angeles","DemoCorp","qa0003@plab.local","9/14/2025 2:27:12 PM"
"qa0004","Sam Rodriguez","Sam","Rodriguez","QA","Developer","Field","DemoCorp","qa0004@plab.local","9/14/2025 2:27:12 PM"
"qa0005","Reese Anderson","Reese","Anderson","QA","Principal","Field","DemoCorp","qa0005@plab.local","9/14/2025 2:27:13 PM"
"qa0006","Taylor Miller","Taylor","Miller","QA","Principal","New York","DemoCorp","qa0006@plab.local","9/14/2025 2:27:13 PM"
"qa0007","Riley Jones","Riley","Jones","QA","Senior Analyst","Seattle","DemoCorp","qa0007@plab.local","9/14/2025 2:27:13 PM"
"qa0008","Reese Lopez","Reese","Lopez","QA","Senior Analyst","Austin","DemoCorp","qa0008@plab.local","9/14/2025 2:27:13 PM"
"qa0009","Devin Miller","Devin","Miller","QA","Coordinator","Seattle","DemoCorp","qa0009@plab.local","9/14/2025 2:27:13 PM"
"qa0010","Alex Brown","Alex","Brown","QA","Coordinator","Remote","DemoCorp","qa0010@plab.local","9/14/2025 2:27:14 PM"
"qa0011","Morgan Rodriguez","Morgan","Rodriguez","QA","Analyst","Chicago","DemoCorp","qa0011@plab.local","9/14/2025 2:27:14 PM"
"qa0012","Avery Hernandez","Avery","Hernandez","QA","Senior Manager","New York","DemoCorp","qa0012@plab.local","9/14/2025 2:27:14 PM"
"qa0013","Morgan Brown","Morgan","Brown","QA","Consultant","Los Angeles","DemoCorp","qa0013@plab.local","9/14/2025 2:27:14 PM"
"qa0014","Reese Gonzalez","Reese","Gonzalez","QA","Developer","Los Angeles","DemoCorp","qa0014@plab.local","9/14/2025 2:27:14 PM"
"qa0015","Rowan Smith","Rowan","Smith","QA","Coordinator","New York","DemoCorp","qa0015@plab.local","9/14/2025 2:27:15 PM"
"qa0016","Alex Smith","Alex","Smith","QA","Assistant","Remote","DemoCorp","qa0016@plab.local","9/14/2025 2:27:15 PM"
"qa0017","Jamie Miller","Jamie","Miller","QA","CIO","Austin","DemoCorp","qa0017@plab.local","9/14/2025 2:27:15 PM"
"qa0018","Elliot Rodriguez","Elliot","Rodriguez","QA","Assistant","Field","DemoCorp","qa0018@plab.local","9/14/2025 2:27:15 PM"
"qa0019","Taylor Jones","Taylor","Jones","QA","Analyst","Los Angeles","DemoCorp","qa0019@plab.local","9/14/2025 2:27:15 PM"
"qa0020","Elliot Garcia","Elliot","Garcia","QA","Developer","Chicago","DemoCorp","qa0020@plab.local","9/14/2025 2:27:16 PM"
"qa0021","Elliot Johnson","Elliot","Johnson","QA","Consultant","New York","DemoCorp","qa0021@plab.local","9/14/2025 2:27:16 PM"
"qa0022","Rowan Lopez","Rowan","Lopez","QA","Coordinator","Los Angeles","DemoCorp","qa0022@plab.local","9/14/2025 2:27:16 PM"
"faci0001","Alex Garcia","Alex","Garcia","Facilities","Associate","Remote","DemoCorp","faci0001@plab.local","9/14/2025 2:27:16 PM"
"faci0002","Devin Gonzalez","Devin","Gonzalez","Facilities","Consultant","Austin","DemoCorp","faci0002@plab.local","9/14/2025 2:27:16 PM"
"faci0003","Morgan Lopez","Morgan","Lopez","Facilities","Analyst","Boston","DemoCorp","faci0003@plab.local","9/14/2025 2:27:17 PM"
"faci0004","Reese Anderson","Reese","Anderson","Facilities","Coordinator","Seattle","DemoCorp","faci0004@plab.local","9/14/2025 2:27:17 PM"
"faci0005","Jamie Wilson","Jamie","Wilson","Facilities","Manager","Boston","DemoCorp","faci0005@plab.local","9/14/2025 2:27:17 PM"
"faci0006","Elliot Lopez","Elliot","Lopez","Facilities","Consultant","Austin","DemoCorp","faci0006@plab.local","9/14/2025 2:27:17 PM"
"faci0007","Casey Jones","Casey","Jones","Facilities","Specialist","Remote","DemoCorp","faci0007@plab.local","9/14/2025 2:27:17 PM"
"faci0008","Reese Miller","Reese","Miller","Facilities","Developer","Chicago","DemoCorp","faci0008@plab.local","9/14/2025 2:27:18 PM"
"faci0009","Quinn Jones","Quinn","Jones","Facilities","Junior Analyst","Seattle","DemoCorp","faci0009@plab.local","9/14/2025 2:27:18 PM"
"faci0010","Sam Jones","Sam","Jones","Facilities","Analyst","Los Angeles","DemoCorp","faci0010@plab.local","9/14/2025 2:27:18 PM"
"faci0011","Hayden Anderson","Hayden","Anderson","Facilities","Assistant","Los Angeles","DemoCorp","faci0011@plab.local","9/14/2025 2:27:18 PM"
"faci0012","Rowan Brown","Rowan","Brown","Facilities","Architect","New York","DemoCorp","faci0012@plab.local","9/14/2025 2:27:18 PM"
"faci0013","Avery Wilson","Avery","Wilson","Facilities","Assistant","Chicago","DemoCorp","faci0013@plab.local","9/14/2025 2:27:19 PM"
"faci0014","Avery Garcia","Avery","Garcia","Facilities","Principal","Seattle","DemoCorp","faci0014@plab.local","9/14/2025 2:27:19 PM"
"faci0015","Sam Martinez","Sam","Martinez","Facilities","Developer","Boston","DemoCorp","faci0015@plab.local","9/14/2025 2:27:19 PM"
"faci0016","Quinn Davis","Quinn","Davis","Facilities","Junior Developer","Boston","DemoCorp","faci0016@plab.local","9/14/2025 2:27:19 PM"
"faci0017","Quinn Martinez","Quinn","Martinez","Facilities","Senior Developer","Remote","DemoCorp","faci0017@plab.local","9/14/2025 2:27:19 PM"
"faci0018","Taylor Williams","Taylor","Williams","Facilities","Developer","New York","DemoCorp","faci0018@plab.local","9/14/2025 2:27:19 PM"
"faci0019","Taylor Rodriguez","Taylor","Rodriguez","Facilities","Analyst","New York","DemoCorp","faci0019@plab.local","9/14/2025 2:27:20 PM"
"faci0020","Morgan Lopez","Morgan","Lopez","Facilities","Associate","New York","DemoCorp","faci0020@plab.local","9/14/2025 2:27:20 PM"
"faci0021","Morgan Davis","Morgan","Davis","Facilities","Analyst","New York","DemoCorp","faci0021@plab.local","9/14/2025 2:27:20 PM"
"faci0022","Jamie Hernandez","Jamie","Hernandez","Facilities","Specialist","Field","DemoCorp","faci0022@plab.local","9/14/2025 2:27:20 PM"
"faci0023","Reese Garcia","Reese","Garcia","Facilities","Consultant","Seattle","DemoCorp","faci0023@plab.local","9/14/2025 2:27:20 PM"
"faci0024","Reese Anderson","Reese","Anderson","Facilities","Analyst","Austin","DemoCorp","faci0024@plab.local","9/14/2025 2:27:21 PM"
"faci0025","Rowan Smith","Rowan","Smith","Facilities","Associate","Chicago","DemoCorp","faci0025@plab.local","9/14/2025 2:27:21 PM"
"faci0026","Morgan Jones","Morgan","Jones","Facilities","Manager","Field","DemoCorp","faci0026@plab.local","9/14/2025 2:27:21 PM"
"faci0027","Hayden Rodriguez","Hayden","Rodriguez","Facilities","Lead","Chicago","DemoCorp","faci0027@plab.local","9/14/2025 2:27:21 PM"
"faci0028","Quinn Garcia","Quinn","Garcia","Facilities","Associate","New York","DemoCorp","faci0028@plab.local","9/14/2025 2:27:21 PM"
"faci0029","Quinn Johnson","Quinn","Johnson","Facilities","Specialist I","Boston","DemoCorp","faci0029@plab.local","9/14/2025 2:27:22 PM"
"faci0030","Sam Gonzalez","Sam","Gonzalez","Facilities","Specialist I","Field","DemoCorp","faci0030@plab.local","9/14/2025 2:27:22 PM"
"faci0031","Devin Gonzalez","Devin","Gonzalez","Facilities","Director","Field","DemoCorp","faci0031@plab.local","9/14/2025 2:27:22 PM"
"faci0032","Morgan Anderson","Morgan","Anderson","Facilities","Junior Analyst","New York","DemoCorp","faci0032@plab.local","9/14/2025 2:27:22 PM"
"faci0033","Taylor Hernandez","Taylor","Hernandez","Facilities","Consultant","Seattle","DemoCorp","faci0033@plab.local","9/14/2025 2:27:22 PM"
"proc0001","Taylor Rodriguez","Taylor","Rodriguez","Procurement","Junior Analyst","Chicago","DemoCorp","proc0001@plab.local","9/14/2025 2:27:23 PM"
"proc0002","Reese Davis","Reese","Davis","Procurement","Specialist","Seattle","DemoCorp","proc0002@plab.local","9/14/2025 2:27:23 PM"
"proc0003","Riley Johnson","Riley","Johnson","Procurement","Assistant","New York","DemoCorp","proc0003@plab.local","9/14/2025 2:27:23 PM"
"proc0004","Jordan Gonzalez","Jordan","Gonzalez","Procurement","Director","New York","DemoCorp","proc0004@plab.local","9/14/2025 2:27:23 PM"
"proc0005","Taylor Smith","Taylor","Smith","Procurement","Junior Analyst","Chicago","DemoCorp","proc0005@plab.local","9/14/2025 2:27:23 PM"
"proc0006","Morgan Garcia","Morgan","Garcia","Procurement","Assistant","Austin","DemoCorp","proc0006@plab.local","9/14/2025 2:27:24 PM"
"proc0007","Avery Davis","Avery","Davis","Procurement","Principal","Chicago","DemoCorp","proc0007@plab.local","9/14/2025 2:27:24 PM"
"proc0008","Rowan Brown","Rowan","Brown","Procurement","Consultant","New York","DemoCorp","proc0008@plab.local","9/14/2025 2:27:24 PM"
"proc0009","Quinn Johnson","Quinn","Johnson","Procurement","Architect","New York","DemoCorp","proc0009@plab.local","9/14/2025 2:27:24 PM"
"proc0010","Jamie Martinez","Jamie","Martinez","Procurement","Coordinator","Seattle","DemoCorp","proc0010@plab.local","9/14/2025 2:27:25 PM"
"proc0011","Alex Hernandez","Alex","Hernandez","Procurement","Principal","Field","DemoCorp","proc0011@plab.local","9/14/2025 2:27:25 PM"
"proc0012","Alex Johnson","Alex","Johnson","Procurement","Consultant","Los Angeles","DemoCorp","proc0012@plab.local","9/14/2025 2:27:25 PM"
"proc0013","Jordan Garcia","Jordan","Garcia","Procurement","Coordinator","Seattle","DemoCorp","proc0013@plab.local","9/14/2025 2:27:25 PM"
"proc0014","Riley Lopez","Riley","Lopez","Procurement","Junior Developer","Remote","DemoCorp","proc0014@plab.local","9/14/2025 2:27:25 PM"
"proc0015","Jamie Gonzalez","Jamie","Gonzalez","Procurement","Junior Developer","New York","DemoCorp","proc0015@plab.local","9/14/2025 2:27:26 PM"
"logi0001","Elliot Smith","Elliot","Smith","Logistics","Specialist","Seattle","DemoCorp","logi0001@plab.local","9/14/2025 2:27:26 PM"
"logi0002","Sam Williams","Sam","Williams","Logistics","Junior Analyst","Seattle","DemoCorp","logi0002@plab.local","9/14/2025 2:27:26 PM"
"logi0003","Devin Williams","Devin","Williams","Logistics","Developer","Austin","DemoCorp","logi0003@plab.local","9/14/2025 2:27:26 PM"
"logi0004","Hayden Hernandez","Hayden","Hernandez","Logistics","Consultant","Boston","DemoCorp","logi0004@plab.local","9/14/2025 2:27:26 PM"
"logi0005","Quinn Williams","Quinn","Williams","Logistics","Specialist","Seattle","DemoCorp","logi0005@plab.local","9/14/2025 2:27:27 PM"
"logi0006","Hayden Miller","Hayden","Miller","Logistics","Coordinator","Boston","DemoCorp","logi0006@plab.local","9/14/2025 2:27:27 PM"
"logi0007","Jordan Rodriguez","Jordan","Rodriguez","Logistics","Associate","Los Angeles","DemoCorp","logi0007@plab.local","9/14/2025 2:27:27 PM"
"logi0008","Riley Wilson","Riley","Wilson","Logistics","Developer","Seattle","DemoCorp","logi0008@plab.local","9/14/2025 2:27:27 PM"
"logi0009","Hayden Wilson","Hayden","Wilson","Logistics","Junior Developer","Field","DemoCorp","logi0009@plab.local","9/14/2025 2:27:27 PM"
"logi0010","Riley Hernandez","Riley","Hernandez","Logistics","Assistant","New York","DemoCorp","logi0010@plab.local","9/14/2025 2:27:28 PM"
"logi0011","Riley Gonzalez","Riley","Gonzalez","Logistics","Consultant","Remote","DemoCorp","logi0011@plab.local","9/14/2025 2:27:28 PM"
"logi0012","Jordan Miller","Jordan","Miller","Logistics","Associate","Austin","DemoCorp","logi0012@plab.local","9/14/2025 2:27:28 PM"
"logi0013","Sam Anderson","Sam","Anderson","Logistics","Specialist","New York","DemoCorp","logi0013@plab.local","9/14/2025 2:27:28 PM"
"logi0014","Taylor Miller","Taylor","Miller","Logistics","Manager","New York","DemoCorp","logi0014@plab.local","9/14/2025 2:27:28 PM"
"logi0015","Devin Brown","Devin","Brown","Logistics","Assistant","Boston","DemoCorp","logi0015@plab.local","9/14/2025 2:27:29 PM"
"logi0016","Hayden Brown","Hayden","Brown","Logistics","Specialist I","Austin","DemoCorp","logi0016@plab.local","9/14/2025 2:27:29 PM"
"logi0017","Elliot Johnson","Elliot","Johnson","Logistics","VP","New York","DemoCorp","logi0017@plab.local","9/14/2025 2:27:29 PM"
"logi0018","Taylor Williams","Taylor","Williams","Logistics","Associate","Field","DemoCorp","logi0018@plab.local","9/14/2025 2:27:29 PM"
"logi0019","Sam Brown","Sam","Brown","Logistics","Associate","Chicago","DemoCorp","logi0019@plab.local","9/14/2025 2:27:29 PM"
"logi0020","Devin Davis","Devin","Davis","Logistics","Lead","Chicago","DemoCorp","logi0020@plab.local","9/14/2025 2:27:30 PM"
"logi0021","Avery Lopez","Avery","Lopez","Logistics","Lead","Chicago","DemoCorp","logi0021@plab.local","9/14/2025 2:27:30 PM"
"logi0022","Casey Hernandez","Casey","Hernandez","Logistics","Director","Austin","DemoCorp","logi0022@plab.local","9/14/2025 2:27:30 PM"
"logi0023","Jordan Miller","Jordan","Miller","Logistics","General Manager","New York","DemoCorp","logi0023@plab.local","9/14/2025 2:27:31 PM"
"logi0024","Jordan Miller","Jordan","Miller","Logistics","Manager","Boston","DemoCorp","logi0024@plab.local","9/14/2025 2:27:31 PM"
"logi0025","Avery Jones","Avery","Jones","Logistics","Manager","Field","DemoCorp","logi0025@plab.local","9/14/2025 2:27:31 PM"
"logi0026","Elliot Williams","Elliot","Williams","Logistics","Analyst","Los Angeles","DemoCorp","logi0026@plab.local","9/14/2025 2:27:31 PM"
"logi0027","Avery Anderson","Avery","Anderson","Logistics","Specialist I","Seattle","DemoCorp","logi0027@plab.local","9/14/2025 2:27:31 PM"
"logi0028","Elliot Hernandez","Elliot","Hernandez","Logistics","Junior Analyst","Austin","DemoCorp","logi0028@plab.local","9/14/2025 2:27:32 PM"
"logi0029","Taylor Gonzalez","Taylor","Gonzalez","Logistics","Coordinator","Remote","DemoCorp","logi0029@plab.local","9/14/2025 2:27:32 PM"
"logi0030","Reese Wilson","Reese","Wilson","Logistics","Assistant","Boston","DemoCorp","logi0030@plab.local","9/14/2025 2:27:32 PM"
"logi0031","Morgan Brown","Morgan","Brown","Logistics","Senior Manager","Field","DemoCorp","logi0031@plab.local","9/14/2025 2:27:32 PM"
"logi0032","Alex Williams","Alex","Williams","Logistics","Principal Consultant","Los Angeles","DemoCorp","logi0032@plab.local","9/14/2025 2:27:33 PM"
"logi0033","Sam Brown","Sam","Brown","Logistics","Manager","Los Angeles","DemoCorp","logi0033@plab.local","9/14/2025 2:27:33 PM"
"logi0034","Elliot Davis","Elliot","Davis","Logistics","Consultant","Austin","DemoCorp","logi0034@plab.local","9/14/2025 2:27:33 PM"
"logi0035","Avery Martinez","Avery","Martinez","Logistics","Junior Analyst","Remote","DemoCorp","logi0035@plab.local","9/14/2025 2:27:33 PM"
"logi0036","Alex Brown","Alex","Brown","Logistics","Coordinator","Field","DemoCorp","logi0036@plab.local","9/14/2025 2:27:34 PM"
"logi0037","Jordan Williams","Jordan","Williams","Logistics","Consultant","Boston","DemoCorp","logi0037@plab.local","9/14/2025 2:27:34 PM"
"trai0001","Avery Anderson","Avery","Anderson","Training","Analyst","Field","DemoCorp","trai0001@plab.local","9/14/2025 2:27:34 PM"
"trai0002","Casey Brown","Casey","Brown","Training","Coordinator","Field","DemoCorp","trai0002@plab.local","9/14/2025 2:27:34 PM"
"trai0003","Jordan Davis","Jordan","Davis","Training","Developer","Los Angeles","DemoCorp","trai0003@plab.local","9/14/2025 2:27:34 PM"
"trai0004","Jordan Brown","Jordan","Brown","Training","Developer","New York","DemoCorp","trai0004@plab.local","9/14/2025 2:27:35 PM"
"trai0005","Morgan Rodriguez","Morgan","Rodriguez","Training","Junior Analyst","Remote","DemoCorp","trai0005@plab.local","9/14/2025 2:27:35 PM"
"trai0006","Elliot Brown","Elliot","Brown","Training","CIO","Boston","DemoCorp","trai0006@plab.local","9/14/2025 2:27:35 PM"
"trai0007","Casey Davis","Casey","Davis","Training","Specialist","Field","DemoCorp","trai0007@plab.local","9/14/2025 2:27:35 PM"
"trai0008","Avery Davis","Avery","Davis","Training","CFO","Los Angeles","DemoCorp","trai0008@plab.local","9/14/2025 2:27:36 PM"
"trai0009","Avery Davis","Avery","Davis","Training","Consultant","Remote","DemoCorp","trai0009@plab.local","9/14/2025 2:27:36 PM"
"trai0010","Riley Johnson","Riley","Johnson","Training","Assistant","Remote","DemoCorp","trai0010@plab.local","9/14/2025 2:27:36 PM"
"trai0011","Alex Lopez","Alex","Lopez","Training","CIO","Austin","DemoCorp","trai0011@plab.local","9/14/2025 2:27:37 PM"
"trai0012","Devin Jones","Devin","Jones","Training","Lead","Los Angeles","DemoCorp","trai0012@plab.local","9/14/2025 2:27:37 PM"
"trai0013","Quinn Martinez","Quinn","Martinez","Training","Assistant","Seattle","DemoCorp","trai0013@plab.local","9/14/2025 2:27:37 PM"
"trai0014","Alex Davis","Alex","Davis","Training","Analyst","Austin","DemoCorp","trai0014@plab.local","9/14/2025 2:27:37 PM"
"trai0015","Reese Martinez","Reese","Martinez","Training","Manager","Austin","DemoCorp","trai0015@plab.local","9/14/2025 2:27:37 PM"
"trai0016","Quinn Gonzalez","Quinn","Gonzalez","Training","Architect","Chicago","DemoCorp","trai0016@plab.local","9/14/2025 2:27:38 PM"
"trai0017","Elliot Anderson","Elliot","Anderson","Training","Senior Analyst","New York","DemoCorp","trai0017@plab.local","9/14/2025 2:27:38 PM"
"trai0018","Avery Johnson","Avery","Johnson","Training","Developer","Boston","DemoCorp","trai0018@plab.local","9/14/2025 2:27:38 PM"
"trai0019","Jamie Smith","Jamie","Smith","Training","Junior Developer","Field","DemoCorp","trai0019@plab.local","9/14/2025 2:27:38 PM"
"trai0020","Rowan Martinez","Rowan","Martinez","Training","Associate","Remote","DemoCorp","trai0020@plab.local","9/14/2025 2:27:39 PM"
"trai0021","Rowan Davis","Rowan","Davis","Training","Consultant","New York","DemoCorp","trai0021@plab.local","9/14/2025 2:27:39 PM"
"trai0022","Alex Garcia","Alex","Garcia","Training","Senior Developer","Field","DemoCorp","trai0022@plab.local","9/14/2025 2:27:39 PM"
"trai0023","Taylor Johnson","Taylor","Johnson","Training","Principal","Boston","DemoCorp","trai0023@plab.local","9/14/2025 2:27:39 PM"
"trai0024","Hayden Martinez","Hayden","Martinez","Training","Coordinator","Seattle","DemoCorp","trai0024@plab.local","9/14/2025 2:27:40 PM"
"trai0025","Rowan Wilson","Rowan","Wilson","Training","Analyst","Boston","DemoCorp","trai0025@plab.local","9/14/2025 2:27:40 PM"
"trai0026","Avery Miller","Avery","Miller","Training","Senior Developer","Field","DemoCorp","trai0026@plab.local","9/14/2025 2:27:40 PM"
"trai0027","Jamie Lopez","Jamie","Lopez","Training","Specialist","Boston","DemoCorp","trai0027@plab.local","9/14/2025 2:27:40 PM"
"trai0028","Taylor Jones","Taylor","Jones","Training","Developer","Seattle","DemoCorp","trai0028@plab.local","9/14/2025 2:27:41 PM"
"trai0029","Reese Williams","Reese","Williams","Training","Assistant","Los Angeles","DemoCorp","trai0029@plab.local","9/14/2025 2:27:41 PM"
"trai0030","Jamie Hernandez","Jamie","Hernandez","Training","Manager","Austin","DemoCorp","trai0030@plab.local","9/14/2025 2:27:41 PM"
"trai0031","Rowan Martinez","Rowan","Martinez","Training","Director","New York","DemoCorp","trai0031@plab.local","9/14/2025 2:27:41 PM"
"trai0032","Quinn Davis","Quinn","Davis","Training","Consultant","Field","DemoCorp","trai0032@plab.local","9/14/2025 2:27:42 PM"
"trai0033","Jamie Brown","Jamie","Brown","Training","Assistant","Remote","DemoCorp","trai0033@plab.local","9/14/2025 2:27:42 PM"
"trai0034","Alex Jones","Alex","Jones","Training","Associate","Chicago","DemoCorp","trai0034@plab.local","9/14/2025 2:27:42 PM"
"trai0035","Elliot Brown","Elliot","Brown","Training","Associate","New York","DemoCorp","trai0035@plab.local","9/14/2025 2:27:42 PM"
"trai0036","Casey Rodriguez","Casey","Rodriguez","Training","Junior Developer","Chicago","DemoCorp","trai0036@plab.local","9/14/2025 2:27:43 PM"
"trai0037","Taylor Davis","Taylor","Davis","Training","Coordinator","Boston","DemoCorp","trai0037@plab.local","9/14/2025 2:27:43 PM"
"trai0038","Reese Smith","Reese","Smith","Training","Analyst","Boston","DemoCorp","trai0038@plab.local","9/14/2025 2:27:43 PM"
"trai0039","Rowan Johnson","Rowan","Johnson","Training","Junior Analyst","Chicago","DemoCorp","trai0039@plab.local","9/14/2025 2:27:43 PM"
"trai0040","Morgan Lopez","Morgan","Lopez","Training","Analyst","Austin","DemoCorp","trai0040@plab.local","9/14/2025 2:27:44 PM"
"supp0001","Riley Lopez","Riley","Lopez","Support","Manager","Boston","DemoCorp","supp0001@plab.local","9/14/2025 2:27:44 PM"
"supp0002","Taylor Anderson","Taylor","Anderson","Support","Director","New York","DemoCorp","supp0002@plab.local","9/14/2025 2:27:44 PM"
"supp0003","Devin Miller","Devin","Miller","Support","Lead","Chicago","DemoCorp","supp0003@plab.local","9/14/2025 2:27:44 PM"
"supp0004","Riley Williams","Riley","Williams","Support","Consultant","Seattle","DemoCorp","supp0004@plab.local","9/14/2025 2:27:45 PM"
"supp0005","Sam Rodriguez","Sam","Rodriguez","Support","Junior Developer","Remote","DemoCorp","supp0005@plab.local","9/14/2025 2:27:45 PM"
"supp0006","Quinn Jones","Quinn","Jones","Support","Specialist","Los Angeles","DemoCorp","supp0006@plab.local","9/14/2025 2:27:45 PM"
"supp0007","Avery Brown","Avery","Brown","Support","Principal","Remote","DemoCorp","supp0007@plab.local","9/14/2025 2:27:45 PM"
"supp0008","Elliot Brown","Elliot","Brown","Support","Developer","Chicago","DemoCorp","supp0008@plab.local","9/14/2025 2:27:46 PM"
"supp0009","Alex Anderson","Alex","Anderson","Support","Analyst","New York","DemoCorp","supp0009@plab.local","9/14/2025 2:27:46 PM"
"supp0010","Casey Anderson","Casey","Anderson","Support","Lead","Seattle","DemoCorp","supp0010@plab.local","9/14/2025 2:27:46 PM"
"supp0011","Devin Wilson","Devin","Wilson","Support","Senior Analyst","Field","DemoCorp","supp0011@plab.local","9/14/2025 2:27:46 PM"
"supp0012","Devin Miller","Devin","Miller","Support","Associate","Seattle","DemoCorp","supp0012@plab.local","9/14/2025 2:27:47 PM"
"supp0013","Devin Smith","Devin","Smith","Support","Junior Developer","New York","DemoCorp","supp0013@plab.local","9/14/2025 2:27:47 PM"
"supp0014","Reese Anderson","Reese","Anderson","Support","Coordinator","Seattle","DemoCorp","supp0014@plab.local","9/14/2025 2:27:47 PM"
"supp0015","Alex Davis","Alex","Davis","Support","Assistant","Seattle","DemoCorp","supp0015@plab.local","9/14/2025 2:27:47 PM"
"supp0016","Rowan Rodriguez","Rowan","Rodriguez","Support","Manager","New York","DemoCorp","supp0016@plab.local","9/14/2025 2:27:47 PM"
"supp0017","Jordan Johnson","Jordan","Johnson","Support","Assistant","Austin","DemoCorp","supp0017@plab.local","9/14/2025 2:27:48 PM"
"supp0018","Morgan Smith","Morgan","Smith","Support","Assistant","Remote","DemoCorp","supp0018@plab.local","9/14/2025 2:27:48 PM"
"supp0019","Rowan Lopez","Rowan","Lopez","Support","Manager","Boston","DemoCorp","supp0019@plab.local","9/14/2025 2:27:48 PM"
"supp0020","Taylor Rodriguez","Taylor","Rodriguez","Support","Principal","Field","DemoCorp","supp0020@plab.local","9/14/2025 2:27:49 PM"
"supp0021","Sam Martinez","Sam","Martinez","Support","Manager","Los Angeles","DemoCorp","supp0021@plab.local","9/14/2025 2:27:49 PM"
"supp0022","Rowan Anderson","Rowan","Anderson","Support","Analyst","Boston","DemoCorp","supp0022@plab.local","9/14/2025 2:27:49 PM"
"supp0023","Elliot Jones","Elliot","Jones","Support","Specialist","Chicago","DemoCorp","supp0023@plab.local","9/14/2025 2:27:49 PM"
"supp0024","Hayden Johnson","Hayden","Johnson","Support","Analyst","Boston","DemoCorp","supp0024@plab.local","9/14/2025 2:27:50 PM"
"supp0025","Avery Hernandez","Avery","Hernandez","Support","Consultant","Field","DemoCorp","supp0025@plab.local","9/14/2025 2:27:50 PM"
"supp0026","Avery Jones","Avery","Jones","Support","Lead","Los Angeles","DemoCorp","supp0026@plab.local","9/14/2025 2:27:50 PM"
"supp0027","Sam Martinez","Sam","Martinez","Support","Principal","Field","DemoCorp","supp0027@plab.local","9/14/2025 2:27:50 PM"
"supp0028","Jordan Rodriguez","Jordan","Rodriguez","Support","Assistant","Austin","DemoCorp","supp0028@plab.local","9/14/2025 2:27:51 PM"
"supp0029","Avery Williams","Avery","Williams","Support","Associate","Remote","DemoCorp","supp0029@plab.local","9/14/2025 2:27:51 PM"
"supp0030","Jordan Hernandez","Jordan","Hernandez","Support","Coordinator","Austin","DemoCorp","supp0030@plab.local","9/14/2025 2:27:51 PM"
"supp0031","Elliot Brown","Elliot","Brown","Support","Specialist I","Los Angeles","DemoCorp","supp0031@plab.local","9/14/2025 2:27:52 PM"
"supp0032","Reese Johnson","Reese","Johnson","Support","Specialist I","Field","DemoCorp","supp0032@plab.local","9/14/2025 2:27:52 PM"
